<?xml version="1.0" encoding="UTF-8"?><rss version="2.0"
	xmlns:content="http://purl.org/rss/1.0/modules/content/"
	xmlns:wfw="http://wellformedweb.org/CommentAPI/"
	xmlns:dc="http://purl.org/dc/elements/1.1/"
	xmlns:atom="http://www.w3.org/2005/Atom"
	xmlns:sy="http://purl.org/rss/1.0/modules/syndication/"
	xmlns:slash="http://purl.org/rss/1.0/modules/slash/"
	>

<channel>
	<title>Test</title>
	<atom:link href="/https://semantic-mastery.github.io/staticpage/feed/" rel="self" type="application/rss+xml" />
	<link>/https://semantic-mastery.github.io/staticpage</link>
	<description>Just another WordPress site</description>
	<lastBuildDate>Thu, 09 Feb 2017 16:12:26 +0000</lastBuildDate>
	<language>en-US</language>
	<sy:updatePeriod>hourly</sy:updatePeriod>
	<sy:updateFrequency>1</sy:updateFrequency>
	<generator>https://wordpress.org/?v=4.7.2</generator>
	<item>
		<title>Tax Lawyers in Carpenter Wyoming &#124; Best Tax Attorneys in Wyoming</title>
		<link>/https://semantic-mastery.github.io/staticpage/2017/02/09/tax-lawyers-in-carpenter-wyoming-best-tax-attorneys-in-wyoming/</link>
		<comments>/https://semantic-mastery.github.io/staticpage/2017/02/09/tax-lawyers-in-carpenter-wyoming-best-tax-attorneys-in-wyoming/#respond</comments>
		<pubDate>Thu, 09 Feb 2017 16:12:26 +0000</pubDate>
		<dc:creator><![CDATA[test1]]></dc:creator>
				<category><![CDATA[Uncategorized]]></category>

		<guid isPermaLink="false">/https://semantic-mastery.github.io/staticpage/?p=6</guid>
		<description><![CDATA[Tax Lawyers in Carpenter Wyoming &#124; Best Tax Attorneys in Wyoming Getting Tax Help in Wyoming – What You Should Consider The tax relief industry has experienced significant change over the past several years. As the economy worsened and Americans faced increased financial pressures, many people and businesses sought relief from the strain by not &#8230; <p class="link-more"><a href="/https://semantic-mastery.github.io/staticpage/2017/02/09/tax-lawyers-in-carpenter-wyoming-best-tax-attorneys-in-wyoming/" class="more-link">Continue reading<span class="screen-reader-text"> "Tax Lawyers in Carpenter Wyoming &#124; Best Tax Attorneys in Wyoming"</span></a></p>]]></description>
				<content:encoded><![CDATA[<header class="entry-header">
<h1 class="entry-title"><a href="http://www.taxlegalsupport.com/tax-lawyers-in-carpenter-wyoming-best-tax-attorneys-in-wyoming.html" rel="bookmark">Tax Lawyers in Carpenter Wyoming | Best Tax Attorneys in Wyoming</a></h1>
</header>
<div class="entry-content">
<h2>Getting Tax Help in Wyoming – What You Should Consider</h2>
<p>The tax relief industry has experienced significant change over the past several years. As the economy worsened and Americans faced increased financial pressures, many people and businesses sought relief from the strain by not paying their taxes. In response, an enormous number of tax companies started sprouting up to absorb the unprecedented demand for tax services. Tax gurus on late-night TV and radio advertise, they’ll “settle your tax debt for pennies on the dollar.” Despite being tax geeks ourselves, we couldn’t make sense of which tax companies are good and which are bad.</p>
<h2>Tax Relief Firms – Choosing the Right One For You in Wyoming</h2>
<p><iframe src="https://www.youtube.com/embed/Rbjp_85sl_s?feature=oembed" width="625" height="352" frameborder="0" allowfullscreen="allowfullscreen" data-mce-fragment="1"></iframe>Under the broad umbrella of “tax relief firms,” there are three types of professional firms: Law firms, CPA Firms, and Hybrids. The first two types are self-explanatory, and since there’s really no industry-standard name for the latter category, calling them a “hybrid” is probably acceptable. But which of the three categories is right for you?</p>
<h3>Law Firms</h3>
<p>As you know, a law firm is made up of ONLY lawyers. A law firm may employ assistants, like paralegals, but a tax attorney is ALWAYS the person ultimately responsible for any tax work performed. All tax attorneys employed by a law firm are subject to the ethics rules and disciplinary action of their state bar. A tax attorney may generally represent any client in any state on any U.S. federal income tax matter.</p>
<p>The pros to employing a law firm are that you can feel comfortable that (i) an attorney is the one ultimately responsible for your tax matter, (ii) you have a clear method to file grievances (i.e., with the sate bar) if the attorney screws up, and (iii) lawyers are subject to strict ethics rules so they should work according to the highest of standards. The cons are that law firms generally are more expensive than the other two types of tax firms. Additionally, some law firms (or attorneys) do not focus solely (or even primarily) on tax related work, so they may lack some of the skill and expertise needed to fight the IRS. Just ask your attorney what other types of work he or she performs, and that will give you a sense of whether tax (and specifically, tax relief) is his or her specialty.</p>
<h3>CPA Firms</h3>
<p>At CPA firms, you will obviously find CPAs (i.e., certified accountants), but you may also find tax attorneys. Like law firms, it’s nice to know that at CPA firms, there is a professional behind the scenes who is ultimately responsible for any tax work performed on your behalf. The pros and cons of CPA firms are similar to those of law firms, except the method of reporting grievances with CPAs isn’t as well defined (but exists nonetheless) as it is for attorneys. CPA firms are generally a little less expensive than law firms. Usuaually a CPA firm has less experience than a respected Tax law firm in Carpenter Wyoming so you may want to consider the potential pros and cons with that in mind.</p>
<h3>“Hybrid Firms”</h3>
<p>The hybrid firms include tax relief firms that are not law firms or CPA firms. Tax relief firms in this category employ a mix of tax professionals, including tax attorneys, CPAs, and so-called “Enrolled Agents.” Enrolled Agents are tax professionals certified by the IRS. They are neither attorneys nor CPAs, but are tax professionals that the IRS has concluded (either through examination or experience) that they are qualified to represent taxpayers before the IRS.</p>
<p>Many tax relief firms fit in the “hybrid” category. Lots of the tax firms that advertise on the internet and radio are made up of tax attorneys, CPAs and enrolled agents and thus are hybrid tax relief firms. The pros are that these companies generally charge less for tax relief work and are very good at performing tax services and working with IRS since tax controversy work is their specialty. The cons are that unlike law firms and CPA firms, these hybrid firms are largely unregulated, so there’s no clear channel (like, for example, the state bar for attorneys) to file grievances. Since they are unregulated, many of the hybrid firms are just plain bad and if they rip a client off, there’s little recourse, except the traditional routes of going to the BBB or other quasi-regulatory bodies.</p>
<h2>Tax Relief Firms in Carpenter Wyoming – Is it a law firm, a CPA firm, or a hybrid?</h2>
<p>Here’s how you can determine whether a certain tax relief firm is a law firm, a CPA firm, or a hybrid firm. First, don’t assume anything just because an attorney or CPA works at the tax firm. As explained above, this is meaningless. Second (and the most obvious), just ask! A tax relief firm should have little problem telling you how it’s organized.</p>
<h2>Getting Tax Relief the Right Way</h2>
<p>Tax-relief attorneys are attorneys who help taxpayers with tax-related issues and, in particular, assist taxpayers with obtaining all of the tax relief that they are eligible for from the federal and state tax authorities. Most tax-relief attorneys focus on providing their clients with services related to offer in compromise, full audit representations, and penalty abatement petitions. Tax-relief attorneys in Wyoming work as private practitioners or are employed with tax firms. Most of these tax firms have dedicated tax personnel who also undertake preparation of tax forms and filing of taxes, apart from helping clients with obtaining tax relief.</p>
<p>The federal and state tax authorities have numerous tax-relief programs that are aimed at reducing the tax burden on the taxpayers. Most of the tax-relief measures come under property tax relief, income tax relief, and relief for small business owners. However, working through the tax forms and finally obtaining the eligible tax relief is quite a challenge to many taxpayers. Tax-relief attorneys are particularly helpful in this situation since they are trained in taxation and law and are aware of the constant changes to tax regulations and legislations both at the federal and state levels. Since tax relief is targeted in a large part at taxpayers belonging to the low income and senior citizen categories, the services of a tax-relief attorney can be very crucial in ensuring that the tax relief is quickly and easily obtained.</p>
<p>In short, tax-relief attorneys are professionals who help with resolving tax-related issues. The broad services that they provide can be listed as settling tax debt for a fraction of the debt; stopping wage garnishment, tax levies, and property seizures; settling state and payroll tax; trust fund recovery; tax planning; audit representation; and investment advice. So, even though tax-relief attorneys focus on providing services related mostly to tax relief, they also engage in other tax-related work.</p>
<p>If you wait until April, once the tax season is during its peak, you can come across it challenging to locate a tax attorney who’s prepared-or even willing-to take in your case. An important condition is mostly for you to search greater than one option when you plan to employ the best tax lawyer. With a tax attorney from the very start many tax problems could be avoided.<br />
Really, a trusted tax lawyer can be a wise investment. It really is necessary that you locate the proper tax lawyer for your present scenario. Not every individual needs a tax lawyer. There are many reasons you might need to employ the services of a tax attorney.<br />
You’ll definitely require the aid of a tax lawyer after you’re thinking about submitting a tax return case. Not everybody should employ a tax lawyer. Below are some things to check for when selecting tax attorney. There are a lot of people explanations for why folks require a tax attorney.<br />
With this type of tactic, you’ll need to contact IRS tax attorneys. This is among the key reasons why IRS tax attorney might be required. Tax lawyers can assist you in various ways. Finance tax attorneys will negotiate for your gain with the internal revenue service.</p>
</div>
]]></content:encoded>
			<wfw:commentRss>/https://semantic-mastery.github.io/staticpage/2017/02/09/tax-lawyers-in-carpenter-wyoming-best-tax-attorneys-in-wyoming/feed/</wfw:commentRss>
		<slash:comments>0</slash:comments>
		</item>
		<item>
		<title>Hello world!</title>
		<link>/https://semantic-mastery.github.io/staticpage/2017/02/09/hello-world/</link>
		<comments>/https://semantic-mastery.github.io/staticpage/2017/02/09/hello-world/#comments</comments>
		<pubDate>Thu, 09 Feb 2017 16:11:16 +0000</pubDate>
		<dc:creator><![CDATA[test1]]></dc:creator>
				<category><![CDATA[Uncategorized]]></category>

		<guid isPermaLink="false">/https://semantic-mastery.github.io/staticpage/?p=1</guid>
		<description><![CDATA[Welcome to WordPress. This is your first post. Edit or delete it, then start writing!]]></description>
				<content:encoded><![CDATA[<p>Welcome to WordPress. This is your first post. Edit or delete it, then start writing!</p>
]]></content:encoded>
			<wfw:commentRss>/https://semantic-mastery.github.io/staticpage/2017/02/09/hello-world/feed/</wfw:commentRss>
		<slash:comments>1</slash:comments>
		</item>
	</channel>
</rss>
