<?xml version="1.0" encoding="UTF-8"?><rss version="2.0"
	xmlns:content="http://purl.org/rss/1.0/modules/content/"
	xmlns:dc="http://purl.org/dc/elements/1.1/"
	xmlns:atom="http://www.w3.org/2005/Atom"
	xmlns:sy="http://purl.org/rss/1.0/modules/syndication/"
	
	>
<channel>
	<title>Comments on: Tax Lawyers in Carpenter Wyoming &#124; Best Tax Attorneys in Wyoming</title>
	<atom:link href="/https://semantic-mastery.github.io/staticpage/2017/02/09/tax-lawyers-in-carpenter-wyoming-best-tax-attorneys-in-wyoming/feed/" rel="self" type="application/rss+xml" />
	<link>/https://semantic-mastery.github.io/staticpage/2017/02/09/tax-lawyers-in-carpenter-wyoming-best-tax-attorneys-in-wyoming/</link>
	<description>Just another WordPress site</description>
	<lastBuildDate>Thu, 09 Feb 2017 16:11:16 +0000</lastBuildDate>
	<sy:updatePeriod>hourly</sy:updatePeriod>
	<sy:updateFrequency>1</sy:updateFrequency>
	<generator>https://wordpress.org/?v=4.7.2</generator>
</channel>
</rss>
